<?xml version="1.0"?>
<config xmlns:xsi="http://www.w3.org/2001/XMLSchema-instance"
        xsi:noNamespaceSchemaLocation="urn:magento:module:Magento_Config:etc/system_file.xsd">
    <system>
        <tab id="vdcstore" translate="label" sortOrder="999">
              <label>Vdcstore</label>
        </tab>
        <section id="vdcstore_sitemap" translate="label" type="text" sortOrder="10" showInDefault="1"
                 showInWebsite="1" showInStore="1">
            <label>Sitemap</label>
            <tab>vdcstore</tab>
            <resource>Vdcstore_Sitemap::vdcstore_sitemap_config</resource>
            <group id="general" translate="label" type="text" sortOrder="1" showInDefault="1" showInWebsite="1"
                   showInStore="1">
                <label>General Options</label>
                <field id="enable" translate="label" type="select" sortOrder="1" showInDefault="1" showInWebsite="0"
                       showInStore="0">
                    <label>Enable Sitemap Module</label>
                    <validate>required-entry</validate>
                    <source_model>Magento\Config\Model\Config\Source\Yesno</source_model>
                </field>
                <field id="show_search" type="select" sortOrder="10" showInWebsite="1" showInStore="1" showInDefault="1" translate="label">
                    <label>Show Search Field</label>
                    <comment/>
                    <source_model>Magento\Config\Model\Config\Source\Yesno</source_model>
                    <depends>
                        <field id="enable">1</field>
                    </depends>
                </field>
            </group>
            <group id="categories" sortOrder="10" showInWebsite="1" showInStore="1" showInDefault="1" translate="label">
                <depends>
                    <field id="vdcstore_sitemap/general/enable">1</field>
                </depends>
                <label>Categories</label>
                <field id="enable_categories" type="select" sortOrder="10" showInWebsite="1" showInStore="1" showInDefault="1" translate="label">
                    <label>Enable Categories Sitemap</label>
                    <comment/>
                    <source_model>Magento\Config\Model\Config\Source\Yesno</source_model>
                </field>
                <field id="category_header" type="text" sortOrder="10" showInWebsite="1" showInStore="1" showInDefault="1" translate="label">
                    <label>Categories Header Title</label>
                    <depends>
                        <field id="enable_categories">1</field>
                    </depends>
                    <comment/>
                </field>
                <field id="exclude_categories" type="text" sortOrder="10" showInWebsite="1" showInStore="1" showInDefault="1" translate="label">
                    <label>Exclude Categories</label>
                    <depends>
                        <field id="enable_categories">1</field>
                    </depends>
                    <comment>Add Category Id With Comma Separated</comment>
                </field>
            </group>
            <group id="products" sortOrder="10" showInWebsite="1" showInStore="1" showInDefault="1" translate="label">
                <depends>
                    <field id="vdcstore_sitemap/general/enable">1</field>
                </depends>
                <label>Products</label>
                <field id="enable_products" type="select" sortOrder="10" showInWebsite="1" showInStore="1" showInDefault="1" translate="label">
                    <label>Enable Products Sitemap</label>
                    <comment/>
                    <source_model>Magento\Config\Model\Config\Source\Yesno</source_model>
                </field>
                <field id="product_header" type="text" sortOrder="10" showInWebsite="1" showInStore="1" showInDefault="1" translate="label">
                    <label>Products Header Title</label>
                    <depends>
                        <field id="enable_products">1</field>
                    </depends>
                    <comment/>
                </field>
                <field id="max_product" type="text" sortOrder="10" showInWebsite="1" showInStore="1" showInDefault="1" translate="label">
                    <label>Maximum Products Displayed on Sitemap</label>
                    <depends>
                        <field id="enable_products">1</field>
                    </depends>
                    <comment>50000 Products to be shown on Sitemap If leave blank.</comment>
                </field>
            </group>
            <group id="cms_pages" sortOrder="10" showInWebsite="1" showInStore="1" showInDefault="1" translate="label">
                <depends>
                    <field id="vdcstore_sitemap/general/enable">1</field>
                </depends>
                <label>Cms Pages</label>
                <field id="enable_cms_pages" type="select" sortOrder="10" showInWebsite="1" showInStore="1" showInDefault="1" translate="label">
                    <label>Enable Cms Pages Sitemap</label>
                    <comment/>
                    <source_model>Magento\Config\Model\Config\Source\Yesno</source_model>
                </field>
                <field id="cms_header" type="text" sortOrder="10" showInWebsite="1" showInStore="1" showInDefault="1" translate="label">
                    <label>Cms Pages Header Title</label>
                    <depends>
                        <field id="enable_cms_pages">1</field>
                    </depends>
                    <comment/>
                </field>
                <field id="exclude_cms_pages" translate="label" type="multiselect" sortOrder="50" showInDefault="1"
                       showInWebsite="1" showInStore="1">
                    <label>Exclude CMS Pages</label>
                    <source_model>Magento\Cms\Model\Config\Source\Page</source_model>
                    <can_be_empty>1</can_be_empty>
                    <depends>
                        <field id="enable_cms_pages">1</field>
                    </depends>
                </field>
            </group>
        </section>
    </system>
</config>
