<?xml version="1.0"?>
<config xmlns:xsi="http://www.w3.org/2001/XMLSchema-instance" xsi:noNamespaceSchemaLocation="urn:magento:module:Magento_Config:etc/system_file.xsd">
    <system>
        <tab id="Vdcstore" translate="label" sortOrder="10">
            <label>Vdcstore</label>
        </tab>
        <section id="customprice" translate="label" sortOrder="130" showInDefault="1" showInWebsite="1" showInStore="1">
            <class>separator-top</class>
            <label>Custom Price</label>
            <tab>Vdcstore</tab>
            <resource>Vdcstore_CustomPrice::customprice_config</resource>
            <group id="general" translate="label" type="text" sortOrder="10" showInDefault="1" showInWebsite="0" showInStore="0">
                <label>General Configuration</label>
                <field id="enable" translate="label" type="select" sortOrder="1" showInDefault="1" showInWebsite="0" showInStore="0">
                    <label>Module Enable</label>
                    <source_model>Magento\Config\Model\Config\Source\Yesno</source_model>
                </field>
                <field id="configsku" translate="label" type="text" sortOrder="1" showInDefault="1" showInWebsite="0" showInStore="0">
                    <label>Sku</label>
                    <validate>required-entry</validate>
                    <comment>Enter Sku.</comment>
                    <depends>
                        <field id="customprice/general/enable">1</field>
                    </depends>
                </field>
            </group>
        </section>
    </system>
</config>
