<?xml version="1.0" ?>
<config xmlns:xsi="http://www.w3.org/2001/XMLSchema-instance" xsi:noNamespaceSchemaLocation="urn:magento:module:Magento_Config:etc/system_file.xsd">
	<system>
		<tab id="vdcstore" translate="label" sortOrder="999">
			<label>Vdcstore</label>
		</tab>
		<section id="livedemo" sortOrder="10" showInWebsite="1" showInStore="1" showInDefault="1" translate="label">
			<label>LiveDemo</label>
			<tab>vdcstore</tab>
			<resource>Vdcstore_LiveDemo::config_vdcstore_livedemo</resource>
			<group id="general" sortOrder="10" showInWebsite="1" showInStore="1" showInDefault="1" translate="label">
				<label>General</label>
				<field id="enable" type="select" sortOrder="10" showInWebsite="1" showInStore="1" showInDefault="1" translate="label">
					<label>Enable/Disable</label>
					<comment/>
					<source_model>Magento\Config\Model\Config\Source\Enabledisable</source_model>
				</field>
			</group>
		</section>
	</system>
</config>
